english,idoma,status,source,notes
You vomited a big vomit.,A ɡbaɡba nẹ̄hi.,verified,UCLA + user confirmation,"User confirmed the sentence is correct"
Don't come in the morning.,Ā wā ọ̄cọ̄ọ̄cīń.,verified,UCLA + user confirmation,"User confirmed the sentence is correct"
"When he came, he said that you (plural) would not cut the grass.","Ẹplá nó wāa āa, ó kaá ɡaáā maácíń.",verified,UCLA + user correction,"User corrected the source form"
The prisoners dived into the water.,Alaɡbá gwotií ipéenyi.,verified,UCLA + user correction,"User corrected the source form"
The vomit which you vomited was a big one.,Ooɡba nāa ɡba āa wẹnẹ̄hi nẹ.,verified,UCLA + user correction,"User corrected the source form"
The stream which babbles does not reach the knees.,Ọkpá nōo yéekwukwu ā ó kwokwúukwuń.,verified,UCLA + user confirmation,"User confirmed the sentence is correct"
How are you?,à ɡbɛ̀ hìì,verified,UCLA + user confirmation,"User confirmed the sentence is correct"
You came unbidden.,à téèpù,verified,UCLA + user confirmation,"User confirmed the sentence is correct"
Where did he come from?,ó ŋmíìní,verified,UCLA + user confirmation,"User confirmed the sentence is correct"
He beat me.,ó ŋmúm̀ ìjē,verified,UCLA + user confirmation,"User confirmed the sentence is correct"
He understands the Akpoto of Oturkpo.,ó páàkpɔ̀tɔ̀ kóòtùkpó,verified,UCLA + user confirmation,"User confirmed the sentence is correct"
The wound bled.,ipiya poi,verified,UCLA + user correction,"User corrected the source form"
He understands Akpoto very well.,ó páàkpɔ̀tɔ̀ íbí,verified,UCLA + user confirmation,"User confirmed the sentence is correct"
He came from Akpa.,ó ŋmáākpā,verified,UCLA + user confirmation,"User confirmed the sentence is correct"
He came from Oturkpo.,ó ŋmóòtùkpó,verified,UCLA + user confirmation,"User confirmed the sentence is correct"
He knows it.,o' ojo'oma,verified,UCLA + user correction,"User corrected the source form"
He knows it well.,o' ojo'oma gagaa,verified,UCLA + user correction,"User corrected the source form"
He came.,ó wáà,verified,UCLA + user confirmation,"User confirmed the sentence is correct"
He went.,o oleye,verified,UCLA + user correction,"User corrected the source form"
He ate.,olo odray,verified,UCLA + user correction,"User corrected the source form"
